[
  {
    "pk": 1, 
    "model": "game_manager.traittype", 
    "fields": {
      "name": "Advantage", 
      "default_xp_cost_per_dot": 8
    }
  }, 
  {
    "pk": 2, 
    "model": "game_manager.traittype", 
    "fields": {
      "name": "Skill", 
      "default_xp_cost_per_dot": 3
    }
  }, 
  {
    "pk": 3, 
    "model": "game_manager.traittype", 
    "fields": {
      "name": "Attribute", 
      "default_xp_cost_per_dot": 5
    }
  }, 
  {
    "pk": 4, 
    "model": "game_manager.traittype", 
    "fields": {
      "name": "Merit", 
      "default_xp_cost_per_dot": 2
    }
  }, 
  {
    "pk": 5, 
    "model": "game_manager.traittype", 
    "fields": {
      "name": "Key", 
      "default_xp_cost_per_dot": 10
    }
  }, 
  {
    "pk": 1, 
    "model": "game_manager.trait", 
    "fields": {
      "category": null, 
      "use": null, 
      "name": "Psyche", 
      "custom_xp_per_dot": null, 
      "specific_dots": "", 
      "trait_type": 1, 
      "uses_simple_calculation": false
    }
  }, 
  {
    "pk": 2, 
    "model": "game_manager.trait", 
    "fields": {
      "category": 1, 
      "use": 1, 
      "name": "Intelligence", 
      "custom_xp_per_dot": null, 
      "specific_dots": "", 
      "trait_type": 3, 
      "uses_simple_calculation": false
    }
  }, 
  {
    "pk": 3, 
    "model": "game_manager.trait", 
    "fields": {
      "category": 1, 
      "use": 2, 
      "name": "Wits", 
      "custom_xp_per_dot": null, 
      "specific_dots": "", 
      "trait_type": 3, 
      "uses_simple_calculation": false
    }
  }, 
  {
    "pk": 4, 
    "model": "game_manager.trait", 
    "fields": {
      "category": 1, 
      "use": 3, 
      "name": "Resolve", 
      "custom_xp_per_dot": null, 
      "specific_dots": "", 
      "trait_type": 3, 
      "uses_simple_calculation": false
    }
  }, 
  {
    "pk": 5, 
    "model": "game_manager.trait", 
    "fields": {
      "category": 2, 
      "use": 1, 
      "name": "Strength", 
      "custom_xp_per_dot": null, 
      "specific_dots": "", 
      "trait_type": 3, 
      "uses_simple_calculation": false
    }
  }, 
  {
    "pk": 6, 
    "model": "game_manager.trait", 
    "fields": {
      "category": 2, 
      "use": 2, 
      "name": "Dexterity", 
      "custom_xp_per_dot": null, 
      "specific_dots": "", 
      "trait_type": 3, 
      "uses_simple_calculation": false
    }
  }, 
  {
    "pk": 7, 
    "model": "game_manager.trait", 
    "fields": {
      "category": 2, 
      "use": 3, 
      "name": "Stamina", 
      "custom_xp_per_dot": null, 
      "specific_dots": "", 
      "trait_type": 3, 
      "uses_simple_calculation": false
    }
  }, 
  {
    "pk": 8, 
    "model": "game_manager.trait", 
    "fields": {
      "category": 3, 
      "use": 1, 
      "name": "Presence", 
      "custom_xp_per_dot": null, 
      "specific_dots": "", 
      "trait_type": 3, 
      "uses_simple_calculation": false
    }
  }, 
  {
    "pk": 9, 
    "model": "game_manager.trait", 
    "fields": {
      "category": 3, 
      "use": 2, 
      "name": "Manipulation", 
      "custom_xp_per_dot": null, 
      "specific_dots": "", 
      "trait_type": 3, 
      "uses_simple_calculation": false
    }
  }, 
  {
    "pk": 10, 
    "model": "game_manager.trait", 
    "fields": {
      "category": 3, 
      "use": 3, 
      "name": "Composure", 
      "custom_xp_per_dot": null, 
      "specific_dots": "", 
      "trait_type": 3, 
      "uses_simple_calculation": false
    }
  }, 
  {
    "pk": 11, 
    "model": "game_manager.trait", 
    "fields": {
      "category": 1, 
      "use": null, 
      "name": "Common Sense", 
      "custom_xp_per_dot": null, 
      "specific_dots": "1", 
      "trait_type": 4, 
      "uses_simple_calculation": true
    }
  }, 
  {
    "pk": 12, 
    "model": "game_manager.trait", 
    "fields": {
      "category": 1, 
      "use": null, 
      "name": "Danger Sense", 
      "custom_xp_per_dot": null, 
      "specific_dots": "2", 
      "trait_type": 4, 
      "uses_simple_calculation": true
    }
  }, 
  {
    "pk": 13, 
    "model": "game_manager.trait", 
    "fields": {
      "category": 1, 
      "use": null, 
      "name": "Eidetic Memory", 
      "custom_xp_per_dot": null, 
      "specific_dots": "2", 
      "trait_type": 4, 
      "uses_simple_calculation": true
    }
  }, 
  {
    "pk": 14, 
    "model": "game_manager.trait", 
    "fields": {
      "category": 1, 
      "use": null, 
      "name": "Encyclopedic Knowledge", 
      "custom_xp_per_dot": null, 
      "specific_dots": "4", 
      "trait_type": 4, 
      "uses_simple_calculation": true
    }
  }, 
  {
    "pk": 15, 
    "model": "game_manager.trait", 
    "fields": {
      "category": 1, 
      "use": null, 
      "name": "Holistic Awareness", 
      "custom_xp_per_dot": null, 
      "specific_dots": "3", 
      "trait_type": 4, 
      "uses_simple_calculation": true
    }
  }, 
  {
    "pk": 16, 
    "model": "game_manager.trait", 
    "fields": {
      "category": 1, 
      "use": null, 
      "name": "Language", 
      "custom_xp_per_dot": null, 
      "specific_dots": "1", 
      "trait_type": 4, 
      "uses_simple_calculation": true
    }
  }, 
  {
    "pk": 17, 
    "model": "game_manager.trait", 
    "fields": {
      "category": 1, 
      "use": null, 
      "name": "Meditative Mind", 
      "custom_xp_per_dot": null, 
      "specific_dots": "1", 
      "trait_type": 4, 
      "uses_simple_calculation": true
    }
  }, 
  {
    "pk": 18, 
    "model": "game_manager.trait", 
    "fields": {
      "category": 1, 
      "use": null, 
      "name": "Unseen Sense", 
      "custom_xp_per_dot": null, 
      "specific_dots": "3", 
      "trait_type": 4, 
      "uses_simple_calculation": true
    }
  }, 
  {
    "pk": 19, 
    "model": "game_manager.trait", 
    "fields": {
      "category": 2, 
      "use": null, 
      "name": "Ambidextrous", 
      "custom_xp_per_dot": null, 
      "specific_dots": "3", 
      "trait_type": 4, 
      "uses_simple_calculation": true
    }
  }, 
  {
    "pk": 20, 
    "model": "game_manager.trait", 
    "fields": {
      "category": 2, 
      "use": null, 
      "name": "Brawling Dodge", 
      "custom_xp_per_dot": null, 
      "specific_dots": "1", 
      "trait_type": 4, 
      "uses_simple_calculation": true
    }
  }, 
  {
    "pk": 21, 
    "model": "game_manager.trait", 
    "fields": {
      "category": 2, 
      "use": null, 
      "name": "Direction Sense", 
      "custom_xp_per_dot": null, 
      "specific_dots": "1", 
      "trait_type": 4, 
      "uses_simple_calculation": true
    }
  }, 
  {
    "pk": 22, 
    "model": "game_manager.trait", 
    "fields": {
      "category": 2, 
      "use": null, 
      "name": "Disarm", 
      "custom_xp_per_dot": null, 
      "specific_dots": "2", 
      "trait_type": 4, 
      "uses_simple_calculation": true
    }
  }, 
  {
    "pk": 23, 
    "model": "game_manager.trait", 
    "fields": {
      "category": 2, 
      "use": null, 
      "name": "Danger Sense", 
      "custom_xp_per_dot": null, 
      "specific_dots": "2", 
      "trait_type": 4, 
      "uses_simple_calculation": true
    }
  }, 
  {
    "pk": 24, 
    "model": "game_manager.trait", 
    "fields": {
      "category": 2, 
      "use": null, 
      "name": "Fast Reflexes", 
      "custom_xp_per_dot": null, 
      "specific_dots": "1,2", 
      "trait_type": 4, 
      "uses_simple_calculation": true
    }
  }, 
  {
    "pk": 25, 
    "model": "game_manager.trait", 
    "fields": {
      "category": 2, 
      "use": null, 
      "name": "Fighting Finesse", 
      "custom_xp_per_dot": null, 
      "specific_dots": "2", 
      "trait_type": 4, 
      "uses_simple_calculation": true
    }
  }, 
  {
    "pk": 26, 
    "model": "game_manager.trait", 
    "fields": {
      "category": 2, 
      "use": null, 
      "name": "Fighting Style: Boxing", 
      "custom_xp_per_dot": null, 
      "specific_dots": "", 
      "trait_type": 4, 
      "uses_simple_calculation": false
    }
  }, 
  {
    "pk": 27, 
    "model": "game_manager.trait", 
    "fields": {
      "category": 2, 
      "use": null, 
      "name": "Fighting Style: Kung Fu", 
      "custom_xp_per_dot": null, 
      "specific_dots": "", 
      "trait_type": 4, 
      "uses_simple_calculation": false
    }
  }, 
  {
    "pk": 28, 
    "model": "game_manager.trait", 
    "fields": {
      "category": 2, 
      "use": null, 
      "name": "Fighting Style: Two Weapons", 
      "custom_xp_per_dot": null, 
      "specific_dots": "", 
      "trait_type": 4, 
      "uses_simple_calculation": false
    }
  }, 
  {
    "pk": 29, 
    "model": "game_manager.trait", 
    "fields": {
      "category": 2, 
      "use": null, 
      "name": "Fleet of Foot", 
      "custom_xp_per_dot": null, 
      "specific_dots": "1,2,3", 
      "trait_type": 4, 
      "uses_simple_calculation": false
    }
  }, 
  {
    "pk": 30, 
    "model": "game_manager.trait", 
    "fields": {
      "category": 2, 
      "use": null, 
      "name": "Giant", 
      "custom_xp_per_dot": null, 
      "specific_dots": "4", 
      "trait_type": 4, 
      "uses_simple_calculation": true
    }
  }, 
  {
    "pk": 31, 
    "model": "game_manager.trait", 
    "fields": {
      "category": 2, 
      "use": null, 
      "name": "Gunslinger", 
      "custom_xp_per_dot": null, 
      "specific_dots": "3", 
      "trait_type": 4, 
      "uses_simple_calculation": true
    }
  }, 
  {
    "pk": 32, 
    "model": "game_manager.trait", 
    "fields": {
      "category": 2, 
      "use": null, 
      "name": "Iron Stamina", 
      "custom_xp_per_dot": null, 
      "specific_dots": "1,2,3", 
      "trait_type": 4, 
      "uses_simple_calculation": false
    }
  }, 
  {
    "pk": 33, 
    "model": "game_manager.trait", 
    "fields": {
      "category": 2, 
      "use": null, 
      "name": "Iron Stomach", 
      "custom_xp_per_dot": null, 
      "specific_dots": "2", 
      "trait_type": 4, 
      "uses_simple_calculation": true
    }
  }, 
  {
    "pk": 34, 
    "model": "game_manager.trait", 
    "fields": {
      "category": 2, 
      "use": null, 
      "name": "Natural Immunity", 
      "custom_xp_per_dot": null, 
      "specific_dots": "1", 
      "trait_type": 4, 
      "uses_simple_calculation": true
    }
  }, 
  {
    "pk": 35, 
    "model": "game_manager.trait", 
    "fields": {
      "category": 2, 
      "use": null, 
      "name": "Quick Draw", 
      "custom_xp_per_dot": null, 
      "specific_dots": "1", 
      "trait_type": 4, 
      "uses_simple_calculation": true
    }
  }, 
  {
    "pk": 36, 
    "model": "game_manager.trait", 
    "fields": {
      "category": 2, 
      "use": null, 
      "name": "Quick Healer", 
      "custom_xp_per_dot": null, 
      "specific_dots": "4", 
      "trait_type": 4, 
      "uses_simple_calculation": true
    }
  }, 
  {
    "pk": 37, 
    "model": "game_manager.trait", 
    "fields": {
      "category": 2, 
      "use": null, 
      "name": "Strong Back", 
      "custom_xp_per_dot": null, 
      "specific_dots": "1", 
      "trait_type": 4, 
      "uses_simple_calculation": true
    }
  }, 
  {
    "pk": 38, 
    "model": "game_manager.trait", 
    "fields": {
      "category": 2, 
      "use": null, 
      "name": "Strong Lungs", 
      "custom_xp_per_dot": null, 
      "specific_dots": "3", 
      "trait_type": 4, 
      "uses_simple_calculation": true
    }
  }, 
  {
    "pk": 39, 
    "model": "game_manager.trait", 
    "fields": {
      "category": 2, 
      "use": null, 
      "name": "Stunt Driver", 
      "custom_xp_per_dot": null, 
      "specific_dots": "3", 
      "trait_type": 4, 
      "uses_simple_calculation": true
    }
  }, 
  {
    "pk": 40, 
    "model": "game_manager.trait", 
    "fields": {
      "category": 2, 
      "use": null, 
      "name": "Toxin Resistance", 
      "custom_xp_per_dot": null, 
      "specific_dots": "2", 
      "trait_type": 4, 
      "uses_simple_calculation": true
    }
  }, 
  {
    "pk": 41, 
    "model": "game_manager.trait", 
    "fields": {
      "category": 2, 
      "use": null, 
      "name": "Weaponry Dodge", 
      "custom_xp_per_dot": null, 
      "specific_dots": "1", 
      "trait_type": 4, 
      "uses_simple_calculation": true
    }
  }, 
  {
    "pk": 42, 
    "model": "game_manager.trait", 
    "fields": {
      "category": 3, 
      "use": null, 
      "name": "Allies", 
      "custom_xp_per_dot": null, 
      "specific_dots": "", 
      "trait_type": 4, 
      "uses_simple_calculation": false
    }
  }, 
  {
    "pk": 43, 
    "model": "game_manager.trait", 
    "fields": {
      "category": 3, 
      "use": null, 
      "name": "Barfly", 
      "custom_xp_per_dot": null, 
      "specific_dots": "1", 
      "trait_type": 4, 
      "uses_simple_calculation": true
    }
  }, 
  {
    "pk": 44, 
    "model": "game_manager.trait", 
    "fields": {
      "category": 3, 
      "use": null, 
      "name": "Contacts", 
      "custom_xp_per_dot": null, 
      "specific_dots": "", 
      "trait_type": 4, 
      "uses_simple_calculation": false
    }
  }, 
  {
    "pk": 45, 
    "model": "game_manager.trait", 
    "fields": {
      "category": 3, 
      "use": null, 
      "name": "Fame", 
      "custom_xp_per_dot": null, 
      "specific_dots": "1,2,3", 
      "trait_type": 4, 
      "uses_simple_calculation": false
    }
  }, 
  {
    "pk": 46, 
    "model": "game_manager.trait", 
    "fields": {
      "category": 3, 
      "use": null, 
      "name": "Inspiring", 
      "custom_xp_per_dot": null, 
      "specific_dots": "4", 
      "trait_type": 4, 
      "uses_simple_calculation": true
    }
  }, 
  {
    "pk": 47, 
    "model": "game_manager.trait", 
    "fields": {
      "category": 3, 
      "use": null, 
      "name": "Mentor", 
      "custom_xp_per_dot": null, 
      "specific_dots": "", 
      "trait_type": 4, 
      "uses_simple_calculation": false
    }
  }, 
  {
    "pk": 48, 
    "model": "game_manager.trait", 
    "fields": {
      "category": 3, 
      "use": null, 
      "name": "Resources", 
      "custom_xp_per_dot": null, 
      "specific_dots": "", 
      "trait_type": 4, 
      "uses_simple_calculation": false
    }
  }, 
  {
    "pk": 49, 
    "model": "game_manager.trait", 
    "fields": {
      "category": 3, 
      "use": null, 
      "name": "Retainer", 
      "custom_xp_per_dot": null, 
      "specific_dots": "", 
      "trait_type": 4, 
      "uses_simple_calculation": false
    }
  }, 
  {
    "pk": 50, 
    "model": "game_manager.trait", 
    "fields": {
      "category": 3, 
      "use": null, 
      "name": "Status", 
      "custom_xp_per_dot": null, 
      "specific_dots": "", 
      "trait_type": 4, 
      "uses_simple_calculation": false
    }
  }, 
  {
    "pk": 51, 
    "model": "game_manager.trait", 
    "fields": {
      "category": 3, 
      "use": null, 
      "name": "Striking Looks", 
      "custom_xp_per_dot": null, 
      "specific_dots": "2,4", 
      "trait_type": 4, 
      "uses_simple_calculation": true
    }
  }, 
  {
    "pk": 52, 
    "model": "game_manager.trait", 
    "fields": {
      "category": 1, 
      "use": null, 
      "name": "Academics", 
      "custom_xp_per_dot": null, 
      "specific_dots": "", 
      "trait_type": 2, 
      "uses_simple_calculation": false
    }
  }, 
  {
    "pk": 53, 
    "model": "game_manager.trait", 
    "fields": {
      "category": 1, 
      "use": null, 
      "name": "Investigation", 
      "custom_xp_per_dot": null, 
      "specific_dots": "", 
      "trait_type": 2, 
      "uses_simple_calculation": false
    }
  }, 
  {
    "pk": 54, 
    "model": "game_manager.trait", 
    "fields": {
      "category": 1, 
      "use": null, 
      "name": "Medicine", 
      "custom_xp_per_dot": null, 
      "specific_dots": "", 
      "trait_type": 2, 
      "uses_simple_calculation": false
    }
  }, 
  {
    "pk": 55, 
    "model": "game_manager.trait", 
    "fields": {
      "category": 1, 
      "use": null, 
      "name": "Occult", 
      "custom_xp_per_dot": null, 
      "specific_dots": "", 
      "trait_type": 2, 
      "uses_simple_calculation": false
    }
  }, 
  {
    "pk": 56, 
    "model": "game_manager.trait", 
    "fields": {
      "category": 1, 
      "use": null, 
      "name": "Politics", 
      "custom_xp_per_dot": null, 
      "specific_dots": "", 
      "trait_type": 2, 
      "uses_simple_calculation": false
    }
  }, 
  {
    "pk": 57, 
    "model": "game_manager.trait", 
    "fields": {
      "category": 1, 
      "use": null, 
      "name": "Science", 
      "custom_xp_per_dot": null, 
      "specific_dots": "", 
      "trait_type": 2, 
      "uses_simple_calculation": false
    }
  }, 
  {
    "pk": 58, 
    "model": "game_manager.trait", 
    "fields": {
      "category": 2, 
      "use": null, 
      "name": "Athletics", 
      "custom_xp_per_dot": null, 
      "specific_dots": "", 
      "trait_type": 2, 
      "uses_simple_calculation": false
    }
  }, 
  {
    "pk": 59, 
    "model": "game_manager.trait", 
    "fields": {
      "category": 2, 
      "use": null, 
      "name": "Brawl", 
      "custom_xp_per_dot": null, 
      "specific_dots": "", 
      "trait_type": 2, 
      "uses_simple_calculation": false
    }
  }, 
  {
    "pk": 60, 
    "model": "game_manager.trait", 
    "fields": {
      "category": 2, 
      "use": null, 
      "name": "Drive", 
      "custom_xp_per_dot": null, 
      "specific_dots": "", 
      "trait_type": 2, 
      "uses_simple_calculation": false
    }
  }, 
  {
    "pk": 61, 
    "model": "game_manager.trait", 
    "fields": {
      "category": 2, 
      "use": null, 
      "name": "Firearms", 
      "custom_xp_per_dot": null, 
      "specific_dots": "", 
      "trait_type": 2, 
      "uses_simple_calculation": false
    }
  }, 
  {
    "pk": 62, 
    "model": "game_manager.trait", 
    "fields": {
      "category": 2, 
      "use": null, 
      "name": "Larceny", 
      "custom_xp_per_dot": null, 
      "specific_dots": "", 
      "trait_type": 2, 
      "uses_simple_calculation": false
    }
  }, 
  {
    "pk": 63, 
    "model": "game_manager.trait", 
    "fields": {
      "category": 2, 
      "use": null, 
      "name": "Stealth", 
      "custom_xp_per_dot": null, 
      "specific_dots": "", 
      "trait_type": 2, 
      "uses_simple_calculation": false
    }
  }, 
  {
    "pk": 64, 
    "model": "game_manager.trait", 
    "fields": {
      "category": 2, 
      "use": null, 
      "name": "Weaponry", 
      "custom_xp_per_dot": null, 
      "specific_dots": "", 
      "trait_type": 2, 
      "uses_simple_calculation": false
    }
  }, 
  {
    "pk": 65, 
    "model": "game_manager.trait", 
    "fields": {
      "category": 3, 
      "use": null, 
      "name": "Animal Ken", 
      "custom_xp_per_dot": null, 
      "specific_dots": "", 
      "trait_type": 2, 
      "uses_simple_calculation": false
    }
  }, 
  {
    "pk": 66, 
    "model": "game_manager.trait", 
    "fields": {
      "category": 3, 
      "use": null, 
      "name": "Empathy", 
      "custom_xp_per_dot": null, 
      "specific_dots": "", 
      "trait_type": 2, 
      "uses_simple_calculation": false
    }
  }, 
  {
    "pk": 67, 
    "model": "game_manager.trait", 
    "fields": {
      "category": 3, 
      "use": null, 
      "name": "Expression", 
      "custom_xp_per_dot": null, 
      "specific_dots": "", 
      "trait_type": 2, 
      "uses_simple_calculation": false
    }
  }, 
  {
    "pk": 68, 
    "model": "game_manager.trait", 
    "fields": {
      "category": 3, 
      "use": null, 
      "name": "Intimidation", 
      "custom_xp_per_dot": null, 
      "specific_dots": "", 
      "trait_type": 2, 
      "uses_simple_calculation": false
    }
  }, 
  {
    "pk": 69, 
    "model": "game_manager.trait", 
    "fields": {
      "category": 3, 
      "use": null, 
      "name": "Persuasion", 
      "custom_xp_per_dot": null, 
      "specific_dots": "", 
      "trait_type": 2, 
      "uses_simple_calculation": false
    }
  }, 
  {
    "pk": 70, 
    "model": "game_manager.trait", 
    "fields": {
      "category": 3, 
      "use": null, 
      "name": "Socialize", 
      "custom_xp_per_dot": null, 
      "specific_dots": "", 
      "trait_type": 2, 
      "uses_simple_calculation": false
    }
  }, 
  {
    "pk": 71, 
    "model": "game_manager.trait", 
    "fields": {
      "category": 3, 
      "use": null, 
      "name": "Streetwise", 
      "custom_xp_per_dot": null, 
      "specific_dots": "", 
      "trait_type": 2, 
      "uses_simple_calculation": false
    }
  }, 
  {
    "pk": 72, 
    "model": "game_manager.trait", 
    "fields": {
      "category": 3, 
      "use": null, 
      "name": "Subterfuge", 
      "custom_xp_per_dot": null, 
      "specific_dots": "", 
      "trait_type": 2, 
      "uses_simple_calculation": false
    }
  }, 
  {
    "pk": 73, 
    "model": "game_manager.trait", 
    "fields": {
      "category": null, 
      "use": null, 
      "name": "Synergy", 
      "custom_xp_per_dot": 3, 
      "specific_dots": "", 
      "trait_type": 1, 
      "uses_simple_calculation": false
    }
  }, 
  {
    "pk": 74, 
    "model": "game_manager.trait", 
    "fields": {
      "category": null, 
      "use": null, 
      "name": "Willpower", 
      "custom_xp_per_dot": null, 
      "specific_dots": "", 
      "trait_type": 1, 
      "uses_simple_calculation": true
    }
  }, 
  {
    "pk": 75, 
    "model": "game_manager.trait", 
    "fields": {
      "category": null, 
      "use": null, 
      "name": "Cold Wind", 
      "custom_xp_per_dot": null, 
      "specific_dots": "1", 
      "trait_type": 5, 
      "uses_simple_calculation": true
    }
  }, 
  {
    "pk": 76, 
    "model": "game_manager.trait", 
    "fields": {
      "category": null, 
      "use": null, 
      "name": "Grave-Dirt", 
      "custom_xp_per_dot": null, 
      "specific_dots": "1", 
      "trait_type": 5, 
      "uses_simple_calculation": true
    }
  }, 
  {
    "pk": 77, 
    "model": "game_manager.trait", 
    "fields": {
      "category": null, 
      "use": null, 
      "name": "Pyre-Flame", 
      "custom_xp_per_dot": null, 
      "specific_dots": "1", 
      "trait_type": 5, 
      "uses_simple_calculation": true
    }
  }, 
  {
    "pk": 78, 
    "model": "game_manager.trait", 
    "fields": {
      "category": null, 
      "use": null, 
      "name": "Tear-Stained", 
      "custom_xp_per_dot": null, 
      "specific_dots": "1", 
      "trait_type": 5, 
      "uses_simple_calculation": true
    }
  }, 
  {
    "pk": 79, 
    "model": "game_manager.trait", 
    "fields": {
      "category": null, 
      "use": null, 
      "name": "Industrial", 
      "custom_xp_per_dot": null, 
      "specific_dots": "1", 
      "trait_type": 5, 
      "uses_simple_calculation": true
    }
  }, 
  {
    "pk": 80, 
    "model": "game_manager.trait", 
    "fields": {
      "category": null, 
      "use": null, 
      "name": "Passion", 
      "custom_xp_per_dot": null, 
      "specific_dots": "1", 
      "trait_type": 5, 
      "uses_simple_calculation": true
    }
  }, 
  {
    "pk": 81, 
    "model": "game_manager.trait", 
    "fields": {
      "category": null, 
      "use": null, 
      "name": "Phantasmal", 
      "custom_xp_per_dot": null, 
      "specific_dots": "1", 
      "trait_type": 5, 
      "uses_simple_calculation": true
    }
  }, 
  {
    "pk": 82, 
    "model": "game_manager.trait", 
    "fields": {
      "category": null, 
      "use": null, 
      "name": "Stigmata", 
      "custom_xp_per_dot": null, 
      "specific_dots": "1", 
      "trait_type": 5, 
      "uses_simple_calculation": true
    }
  }, 
  {
    "pk": 83, 
    "model": "game_manager.trait", 
    "fields": {
      "category": null, 
      "use": null, 
      "name": "Stillness", 
      "custom_xp_per_dot": null, 
      "specific_dots": "1", 
      "trait_type": 5, 
      "uses_simple_calculation": true
    }
  }, 
  {
    "pk": 84, 
    "model": "game_manager.trait", 
    "fields": {
      "category": null, 
      "use": null, 
      "name": "Stygian", 
      "custom_xp_per_dot": null, 
      "specific_dots": "1", 
      "trait_type": 5, 
      "uses_simple_calculation": true
    }
  }, 
  {
    "pk": 85, 
    "model": "game_manager.trait", 
    "fields": {
      "category": null, 
      "use": null, 
      "name": "Pit", 
      "custom_xp_per_dot": null, 
      "specific_dots": "1", 
      "trait_type": 5, 
      "uses_simple_calculation": true
    }
  }, 
  {
    "pk": 1, 
    "model": "game_manager.geist", 
    "fields": {
      "power_level_trait": 1, 
      "energy_name": "Plasm", 
      "faction_name": "Archetype", 
      "skills": [
        52, 
        53, 
        54, 
        55, 
        56, 
        57, 
        58, 
        59, 
        60, 
        61, 
        62, 
        63, 
        64, 
        65, 
        66, 
        67, 
        68, 
        69, 
        70, 
        71, 
        72
      ], 
      "willpower": 74, 
      "name": "Geist", 
      "keys": [
        75, 
        76, 
        77, 
        78, 
        79, 
        80, 
        81, 
        82, 
        83, 
        84, 
        85
      ], 
      "merits": [
        11, 
        12, 
        13, 
        14, 
        15, 
        16, 
        17, 
        18, 
        19, 
        20, 
        21, 
        22, 
        23, 
        24, 
        25, 
        26, 
        27, 
        28, 
        29, 
        30, 
        31, 
        32, 
        33, 
        34, 
        35, 
        36, 
        37, 
        38, 
        39, 
        40, 
        41, 
        42, 
        43, 
        44, 
        45, 
        46, 
        47, 
        48, 
        49, 
        50, 
        51
      ], 
      "attributes": [
        2, 
        3, 
        4, 
        5, 
        6, 
        7, 
        8, 
        9, 
        10
      ], 
      "subrace_name": "Threshold", 
      "morality": 73
    }
  }, 
  {
    "pk": 1, 
    "model": "game_manager.subrace", 
    "fields": {
      "game": 1, 
      "name": "Torn"
    }
  }, 
  {
    "pk": 2, 
    "model": "game_manager.subrace", 
    "fields": {
      "game": 1, 
      "name": "Silent"
    }
  }, 
  {
    "pk": 3, 
    "model": "game_manager.subrace", 
    "fields": {
      "game": 1, 
      "name": "Prey"
    }
  }, 
  {
    "pk": 4, 
    "model": "game_manager.subrace", 
    "fields": {
      "game": 1, 
      "name": "Stricken"
    }
  },
  {
    "pk": 5, 
    "model": "game_manager.subrace", 
    "fields": {
      "game": 1, 
      "name": "Forgotten"
    }
  },
  {
    "pk": 1, 
    "model": "game_manager.faction", 
    "fields": {
      "game": 1, 
      "name": "Advocate"
    }
  },
  {
    "pk": 2, 
    "model": "game_manager.faction", 
    "fields": {
      "game": 1, 
      "name": "Bonepicker"
    }
  },
  {
    "pk": 3, 
    "model": "game_manager.faction", 
    "fields": {
      "game": 1, 
      "name": "Celebrant"
    }
  },
  {
    "pk": 4, 
    "model": "game_manager.faction", 
    "fields": {
      "game": 1, 
      "name": "Gatekeeper"
    }
  },
  {
    "pk": 5, 
    "model": "game_manager.faction", 
    "fields": {
      "game": 1, 
      "name": "Mourner"
    }
  },
  {
    "pk": 6, 
    "model": "game_manager.faction", 
    "fields": {
      "game": 1, 
      "name": "Necromancer"
    }
  },
  {
    "pk": 7, 
    "model": "game_manager.faction", 
    "fields": {
      "game": 1, 
      "name": "Pilgrim"
    }
  },
  {
    "pk": 8, 
    "model": "game_manager.faction", 
    "fields": {
      "game": 1, 
      "name": "Reaper"
    }
  }
]